id,race,gender,age,Stage_Progress
0,Unknown,Male,70,True
1,White,Female,71,False
2,White,Female,57,True
3,White,Male,74,False
4,White,Female,50,True
5,Black,Male,73,False
6,White,Female,60,False
7,Asian,Female,62,False
8,White,Female,68,True
9,White,Female,80,False
10,White,Male,66,True
11,White,Female,71,True
12,White,Female,80,False
13,White,Female,67,False
14,White,Female,81,False
15,White,Male,84,True
16,White,Female,80,False
17,Black,Female,79,True
18,White,Female,67,True
19,White,Male,64,True
20,Hispanic,Female,76,False
21,White,Female,64,False
22,White,Male,70,False
23,White,Female,66,False
24,White,Male,73,False
25,White,Female,63,True
26,White,Female,46,False
27,White,Male,78,True
28,White,Male,81,False
29,Hispanic,Female,73,False
30,Unknown,Female,84,True
31,White,Female,64,True
32,Black,Male,71,True
33,White,Female,80,True
34,White,Female,85,False
35,White,Female,74,False
36,White,Male,75,False
37,White,Female,74,False
38,Asian,Female,59,False
39,Black,Male,58,True
40,White,Female,55,False
41,White,Female,71,False
42,White,Male,74,True
43,White,Female,69,True
44,White,Female,76,True
45,Asian,Female,70,True
46,Black,Female,55,False
47,White,Male,76,False
48,White,Female,77,True
49,White,Male,66,False
50,White,Male,73,True
51,Black,Female,79,False
52,White,Female,60,False
53,White,Male,79,False
54,White,Male,80,False
55,White,Male,46,False
56,White,Female,69,False
57,White,Male,67,True
58,White,Male,79,True
59,White,Male,59,False
60,White,Male,73,False
61,Unknown,Female,62,False
62,White,Male,82,False
63,White,Female,57,False
64,White,Male,82,False
65,White,Female,54,True
66,White,Male,79,False
67,White,Female,72,False
68,White,Female,50,False
69,Unknown,Female,78,False
70,White,Male,79,True
71,White,Female,84,False
72,White,Male,81,True
73,White,Female,61,False
74,Asian,Female,68,True
75,White,Female,84,False
76,Hispanic,Female,71,False
77,Unknown,Female,81,False
78,White,Male,82,False
79,White,Male,76,False
80,White,Female,77,False
81,White,Male,63,True
82,White,Male,83,False
83,White,Male,49,False
84,Unknown,Female,65,False
85,Hispanic,Male,58,True
86,White,Male,48,True
87,White,Female,84,True
88,Unknown,Male,66,True
89,White,Female,77,True
90,White,Male,80,False
91,White,Female,61,False
92,White,Female,67,False
93,White,Male,74,False
94,Unknown,Female,69,False
95,White,Female,65,False
96,Unknown,Female,71,False
97,White,Male,59,True
98,White,Female,75,False
99,Black,Female,73,False
100,White,Female,68,False
101,White,Female,65,True
102,White,Female,85,False
103,White,Female,84,True
104,White,Male,57,True
105,White,Male,68,False
106,Asian,Male,52,True
107,Black,Male,78,False
108,Black,Male,82,False
109,White,Female,68,True
110,Unknown,Male,85,True
111,Asian,Female,64,False
112,Unknown,Female,60,False
113,White,Male,80,True
114,White,Female,58,False
115,Unknown,Female,77,False
116,White,Female,59,False
117,White,Female,73,True
118,Hispanic,Female,61,True
119,White,Female,77,True
120,White,Female,72,False
121,White,Male,76,False
122,White,Female,66,True
123,White,Female,69,False
124,White,Female,67,False
125,White,Female,78,False
126,White,Male,74,False
127,White,Female,55,True
128,White,Male,78,False
129,Black,Male,72,True
130,White,Male,61,True
131,White,Male,85,False
132,Black,Male,62,False
133,White,Male,77,False
134,White,Female,57,False
135,White,Male,84,False
136,Asian,Female,65,False
137,Hispanic,Male,80,False
138,White,Female,70,False
139,White,Female,79,True
140,Unknown,Female,75,False
141,White,Male,79,False
142,White,Male,84,True
143,White,Female,67,False
144,White,Female,61,False
145,White,Male,64,True
146,White,Male,74,True
147,Black,Female,68,False
148,White,Female,55,False
149,White,Female,82,False
150,White,Female,64,False
151,White,Male,76,False
152,Black,Female,74,False
153,White,Female,77,False
154,White,Female,70,True
155,White,Male,71,True
156,White,Female,72,False
157,White,Female,60,False
158,Black,Male,72,False
159,White,Male,64,True
160,White,Female,70,True
161,Unknown,Male,67,False
162,White,Female,70,False
163,White,Male,61,True
164,White,Male,84,False
165,White,Male,76,True
166,Unknown,Male,64,False
167,White,Female,73,False
168,White,Female,84,False
169,White,Female,76,False
170,White,Female,84,False
171,White,Male,64,False
172,White,Male,77,False
173,White,Male,70,False
174,White,Female,80,False
175,White,Male,73,False
176,White,Male,71,True
177,White,Male,63,True
178,White,Female,81,True
179,White,Male,82,False
180,White,Male,68,False
181,Asian,Female,62,False
182,White,Male,67,True
183,White,Female,56,True
184,White,Female,68,False
185,Unknown,Female,69,False
186,White,Female,71,False
187,White,Male,73,False
188,White,Female,75,False
189,White,Female,64,True
190,Black,Male,62,False
191,White,Male,56,False
192,White,Female,64,False
193,White,Female,64,False
194,Unknown,Male,67,True
195,White,Female,81,False
196,White,Female,74,False
197,Black,Male,69,True
198,White,Female,65,False
199,White,Female,73,False
200,White,Female,74,True
201,White,Male,83,True
202,White,Female,61,False
203,White,Female,83,False
204,White,Female,84,False
205,White,Female,80,False
206,White,Male,81,False
207,Unknown,Male,66,True
208,White,Male,47,True
209,White,Male,68,True
210,White,Male,56,True
211,White,Female,77,False
212,Unknown,Female,86,False
213,White,Female,78,False
214,White,Female,61,False
215,White,Female,74,False
216,White,Female,69,False
217,White,Female,76,False
218,Hispanic,Female,58,True
219,White,Female,69,False
220,White,Male,68,False
221,White,Male,57,True
222,Asian,Male,63,True
223,White,Male,63,False
224,White,Female,69,False
225,White,Male,79,False
226,Black,Female,76,False
227,White,Female,73,False
228,White,Male,84,True
229,Asian,Female,57,False
230,White,Female,74,False
231,Unknown,Male,80,True
232,White,Female,80,False
233,Black,Male,65,False
234,White,Male,84,True
235,White,Female,74,False
236,White,Male,83,False
237,White,Male,74,True
238,White,Female,55,False
239,White,Female,54,False
240,White,Female,68,False
241,White,Female,73,False
242,White,Male,69,False
243,Unknown,Female,46,True
244,Asian,Female,60,False
245,White,Female,61,True
246,White,Female,72,False
247,Black,Male,67,False
248,Black,Female,59,False
249,Unknown,Female,47,False
250,White,Female,79,False
251,White,Male,70,True
252,Asian,Female,72,False
253,White,Male,81,False
254,White,Male,58,False
255,White,Female,74,False
256,White,Male,66,True
257,White,Male,74,True
258,Unknown,Female,57,False
259,White,Male,66,True
260,White,Female,79,True
261,Asian,Female,80,True
262,White,Female,75,False
263,White,Female,73,True
264,White,Female,71,False
265,Unknown,Female,85,False
266,Asian,Female,48,False
267,White,Male,71,True
268,White,Female,69,False
269,White,Female,72,True
270,White,Female,77,False
271,White,Male,55,True
272,Asian,Male,72,False
273,White,Male,68,False
274,Black,Female,68,False
275,White,Female,84,False
276,White,Male,57,False
277,White,Female,81,False
278,White,Female,78,False
279,Black,Female,64,False
280,Unknown,Female,84,True
281,Black,Male,51,True
282,White,Male,74,False
283,White,Female,67,False
284,White,Female,71,True
285,White,Male,81,False
286,White,Male,85,False
287,White,Female,72,False
288,White,Male,74,True
289,White,Female,66,False
290,White,Male,70,False
291,White,Female,60,False
292,White,Female,73,True
293,White,Male,72,False
294,Black,Male,72,False
295,White,Female,79,True
296,White,Female,66,False
297,Unknown,Male,80,True
298,Asian,Female,72,False
299,Asian,Male,84,False
